City_ID,City,Country,Date,Lat,Lng,Max Temp,Humidity,Cloudiness,Wind Speed
0,Buraydah,SA,2021-05-25 19:52:02,26.326,43.975,90.05,12,0,11.36
1,Bambous Virieux,MU,2021-05-25 19:54:47,-20.3428,57.7575,75.45,78,75,9.78
2,Yellowknife,CA,2021-05-25 19:53:59,62.456,-114.3525,44.33,48,1,3.0
3,Leningradskiy,RU,2021-05-25 19:54:47,69.3833,178.4167,33.55,86,86,7.9
4,Cherskiy,RU,2021-05-25 19:54:48,68.75,161.3,50.63,40,100,5.57
5,Longyearbyen,SJ,2021-05-25 19:54:48,78.2186,15.6401,30.04,74,75,12.66
6,Gouyave,GD,2021-05-25 19:54:48,12.1646,-61.7296,84.97,70,20,15.43
7,Barrow,US,2021-05-25 19:54:48,71.2906,-156.7887,28.67,85,100,4.36
8,Ushuaia,AR,2021-05-25 19:51:29,-54.8,-68.3,31.66,86,75,26.46
9,Punta Arenas,CL,2021-05-25 19:54:49,-53.15,-70.9167,37.51,75,40,16.75
10,Dingle,PH,2021-05-25 19:54:49,10.9995,122.6711,78.69,84,100,3.78
11,Puerto Ayora,EC,2021-05-25 19:54:49,-0.7393,-90.3518,84.16,85,39,8.01
12,Port Alfred,ZA,2021-05-25 19:54:49,-33.5906,26.891,63.86,91,85,11.1
13,Luderitz,NA,2021-05-25 19:54:49,-26.6481,15.1594,61.03,80,0,13.42
14,Busselton,AU,2021-05-25 19:54:50,-33.65,115.3333,46.04,77,100,9.33
15,Saint-Joseph,RE,2021-05-25 19:54:50,-21.3667,55.6167,70.16,81,44,9.42
16,Lerwick,GB,2021-05-25 19:54:50,60.1545,-1.1494,50.0,90,100,11.79
17,Avarua,CK,2021-05-25 19:54:50,-21.2078,-159.775,80.65,89,100,8.05
18,Klaksvik,FO,2021-05-25 19:54:51,62.2266,-6.589,50.92,91,97,16.08
19,Mitu,CO,2021-05-25 19:53:21,1.1983,-70.1733,73.69,97,100,2.42
20,Sistranda,NO,2021-05-25 19:54:51,63.7256,8.834,60.76,83,100,24.87
21,Kununurra,AU,2021-05-25 19:54:51,-15.7667,128.7333,66.18,94,4,0.0
22,Chokurdakh,RU,2021-05-25 19:54:51,70.6333,147.9167,33.04,77,10,7.52
23,Carnarvon,AU,2021-05-25 19:54:52,-24.8667,113.6333,50.07,81,81,10.36
24,Rikitea,PF,2021-05-25 19:54:52,-23.1203,-134.9692,76.17,81,61,9.91
25,Kavieng,PG,2021-05-25 19:54:52,-2.5744,150.7967,77.99,89,100,9.37
26,Talcahuano,CL,2021-05-25 19:54:52,-36.7167,-73.1167,60.48,77,0,12.66
27,Tuktoyaktuk,CA,2021-05-25 19:54:53,69.4541,-133.0374,30.2,86,90,9.22
28,Demyansk,RU,2021-05-25 19:54:53,57.643,32.466,52.11,78,100,4.92
29,Saskylakh,RU,2021-05-25 19:54:53,71.9167,114.0833,43.41,63,100,4.14
30,Kaseda,JP,2021-05-25 19:53:01,31.4167,130.3167,64.85,60,100,7.72
31,Gilgit,PK,2021-05-25 19:54:53,35.9221,74.3087,66.87,46,60,2.33
32,Sola,VU,2021-05-25 19:54:54,-13.8833,167.55,77.5,60,98,16.67
33,Chuy,UY,2021-05-25 19:54:54,-33.6971,-53.4616,59.81,66,1,11.43
34,Cayenne,GF,2021-05-25 19:54:54,4.9333,-52.3333,84.24,85,75,5.99
35,Kapaa,US,2021-05-25 19:54:54,22.0752,-159.319,81.48,67,9,4.0
36,Price,US,2021-05-25 19:54:54,39.5994,-110.8107,74.71,21,61,7.99
37,Myanaung,MM,2021-05-25 19:54:55,18.2833,95.3167,77.74,86,100,5.23
38,Sao Filipe,CV,2021-05-25 19:54:55,14.8961,-24.4956,75.02,71,0,9.73
39,Codrington,AU,2021-05-25 19:54:55,-38.2667,141.9667,52.21,76,92,24.38
40,Te Anau,NZ,2021-05-25 19:54:55,-45.4167,167.7167,34.68,79,95,1.12
41,Hilo,US,2021-05-25 19:50:02,19.7297,-155.09,80.8,77,20,6.91
42,Albany,US,2021-05-25 19:52:30,42.6001,-73.9662,82.67,54,97,3.0
43,Victoria,HK,2021-05-25 19:50:49,22.2855,114.1577,85.32,90,90,1.01
44,Ponta Do Sol,PT,2021-05-25 19:54:56,32.6667,-17.1,66.83,56,91,6.08
45,Dikson,RU,2021-05-25 19:54:56,73.5069,80.5464,16.12,96,66,5.82
46,Byron Bay,AU,2021-05-25 19:54:56,-28.65,153.6167,55.87,90,3,3.8
47,Shimoda,JP,2021-05-25 19:54:56,34.6667,138.95,67.15,53,68,18.61
48,Provideniya,RU,2021-05-25 19:54:57,64.3833,-173.3,46.51,57,0,24.61
49,Ribeira Grande,PT,2021-05-25 19:54:57,38.5167,-28.7,64.8,100,75,14.97
50,Atuona,PF,2021-05-25 19:54:57,-9.8,-139.0333,79.86,64,40,14.94
51,Muli,MV,2021-05-25 19:54:57,2.9167,73.5667,83.75,74,100,21.54
52,Hobart,AU,2021-05-25 19:54:58,-42.8794,147.3294,51.93,78,32,1.99
53,Nikolskoye,RU,2021-05-25 19:54:58,59.7035,30.7861,49.89,76,100,5.46
54,Tuatapere,NZ,2021-05-25 19:54:58,-46.1333,167.6833,37.36,69,71,5.3
55,Cordoba,AR,2021-05-25 19:54:58,-31.4135,-64.1811,70.65,26,0,7.45
56,Tiksi,RU,2021-05-25 19:54:59,71.6872,128.8694,30.04,85,40,1.03
57,Bredasdorp,ZA,2021-05-25 19:54:59,-34.5322,20.0403,54.72,71,72,6.33
58,Hermanus,ZA,2021-05-25 19:54:59,-34.4187,19.2345,57.9,75,97,8.28
59,Sulangan,PH,2021-05-25 19:54:59,11.1373,123.7228,82.96,76,100,1.39
60,Orlik,RU,2021-05-25 19:55:00,52.5178,99.825,38.71,100,100,3.2
61,Cabo San Lucas,MX,2021-05-25 19:55:00,22.8909,-109.9124,97.81,55,18,5.61
62,Cape Town,ZA,2021-05-25 19:52:48,-33.9258,18.4232,58.12,78,0,1.01
63,Vardo,NO,2021-05-25 19:55:00,70.3705,31.1107,37.6,80,75,2.3
64,Artyom,AZ,2021-05-25 19:55:00,40.4723,50.333,66.34,86,100,31.18
65,East London,ZA,2021-05-25 19:55:01,-33.0153,27.9116,68.2,77,100,7.63
66,Mataura,NZ,2021-05-25 19:55:01,-46.1927,168.8643,32.34,71,83,3.06
67,Qaanaaq,GL,2021-05-25 19:55:01,77.484,-69.3632,33.08,76,0,5.37
68,Yuzhno-Kurilsk,RU,2021-05-25 19:55:01,44.0306,145.8556,43.88,96,99,3.02
69,Grand-Lahou,CI,2021-05-25 19:55:02,5.1367,-5.0242,80.64,84,100,7.47
70,Pemba,MZ,2021-05-25 19:55:02,-12.974,40.5178,75.9,83,20,10.0
71,Kavaratti,IN,2021-05-25 19:55:02,10.5669,72.642,83.39,77,100,16.8
72,Bende,NG,2021-05-25 19:55:02,5.5572,7.6368,75.72,94,100,4.41
73,Sorong,ID,2021-05-25 19:55:03,-0.8833,131.25,76.98,92,100,15.82
74,Srednekolymsk,RU,2021-05-25 19:55:03,67.45,153.6833,48.16,61,100,16.87
75,Upernavik,GL,2021-05-25 19:55:03,72.7868,-56.1549,35.71,85,88,6.89
76,Siocon,PH,2021-05-25 19:55:04,7.7061,122.1353,79.59,85,87,2.1
77,Vaini,TO,2021-05-25 19:55:04,-21.2,-175.2,66.36,94,75,5.75
78,Thompson,CA,2021-05-25 19:55:04,55.7435,-97.8558,28.56,80,90,20.71
79,Salalah,OM,2021-05-25 19:55:04,17.0151,54.0924,80.56,78,23,8.57
80,Kodiak,US,2021-05-25 19:55:04,57.79,-152.4072,52.39,59,0,3.4
81,Luocheng,CN,2021-05-25 19:55:05,29.3848,104.0286,62.83,91,100,2.93
82,Mar Del Plata,AR,2021-05-25 19:52:23,-38.0023,-57.5575,57.09,59,75,8.01
83,Gat,IL,2021-05-25 19:55:05,31.61,34.7642,73.81,55,0,5.14
84,Butaritari,KI,2021-05-25 19:55:05,3.0707,172.7902,81.34,80,100,15.43
85,Vestmannaeyjar,IS,2021-05-25 19:55:06,63.4427,-20.2734,45.77,88,84,23.58
86,Careiro Da Varzea,BR,2021-05-25 19:55:06,-3.2003,-59.8119,86.63,67,94,4.47
87,Bubaque,GW,2021-05-25 19:55:06,11.2833,-15.8333,80.19,74,60,16.31
88,Lolodorf,CM,2021-05-25 19:55:06,3.2333,10.7333,71.94,100,100,2.53
89,Solnechnyy,RU,2021-05-25 19:55:06,50.7214,136.6319,33.57,96,100,5.59
90,Ceres,US,2021-05-25 19:55:07,37.5949,-120.9577,86.04,15,1,10.96
91,Yining,CN,2021-05-25 19:55:07,29.0361,114.5636,68.14,95,99,2.64
92,Jalu,LY,2021-05-25 19:55:07,29.0331,21.5482,86.25,10,0,8.23
93,Bluff,NZ,2021-05-25 19:55:07,-46.6,168.3333,39.72,70,46,7.14
94,Hanko,FI,2021-05-25 19:55:08,59.8333,22.95,53.06,84,100,22.01
95,Anito,PH,2021-05-25 19:55:08,12.4497,125.2886,78.84,88,94,3.6
96,Itarema,BR,2021-05-25 19:55:08,-2.9248,-39.9167,80.04,75,60,13.76
97,Pevek,RU,2021-05-25 19:55:08,69.7008,170.3133,31.5,79,98,3.85
98,New Norfolk,AU,2021-05-25 19:55:09,-42.7826,147.0587,51.58,72,26,3.51
99,Esperance,AU,2021-05-25 19:55:09,-33.8667,121.9,48.04,82,36,9.06
100,Constitucion,CL,2021-05-25 19:55:09,-35.3333,-72.4167,61.18,66,100,12.28
101,Isiro,CD,2021-05-25 19:55:09,2.7739,27.616,67.55,97,72,1.3
102,Rantepao,ID,2021-05-25 19:54:15,-2.9701,119.8978,66.52,97,97,1.3
103,Arraial Do Cabo,BR,2021-05-25 19:55:10,-22.9661,-42.0278,73.26,53,0,2.3
104,Marsa Matruh,EG,2021-05-25 19:55:10,31.3525,27.2453,71.8,88,0,5.75
105,Asau,RO,2021-05-25 19:55:10,46.4333,26.4,62.76,95,27,3.65
106,Vila Velha,BR,2021-05-25 19:55:10,-20.3297,-40.2925,73.35,79,75,8.01
107,Hobyo,SO,2021-05-25 19:55:10,5.3505,48.5268,78.89,79,52,22.77
108,Neryungri,RU,2021-05-25 19:55:11,56.6709,124.6491,32.56,97,99,1.77
109,San Rafael,AR,2021-05-25 19:50:37,-34.6177,-68.3301,62.35,32,24,2.62
110,Mogadishu,SO,2021-05-25 19:53:23,2.0371,45.3438,79.2,77,0,17.09
111,Katherine,AU,2021-05-25 19:55:11,-14.4667,132.2667,66.52,88,4,6.42
112,Talitsa,RU,2021-05-25 19:55:11,56.8804,60.0213,63.14,93,82,6.38
113,Samarai,PG,2021-05-25 19:55:11,-10.6167,150.6667,78.6,68,100,15.82
114,Hasaki,JP,2021-05-25 19:55:12,35.7333,140.8333,57.6,74,100,9.78
115,Maua,BR,2021-05-25 19:55:12,-23.6678,-46.4614,76.46,48,36,5.01
116,Kirakira,SB,2021-05-25 19:55:12,-10.4544,161.9205,76.23,79,73,9.19
117,Aykhal,RU,2021-05-25 19:55:12,66.0,111.5,38.39,96,100,5.93
118,Hithadhoo,MV,2021-05-25 19:55:13,-0.6,73.0833,84.15,68,100,19.62
119,Coquimbo,CL,2021-05-25 19:55:13,-29.9533,-71.3436,60.53,72,0,4.94
120,Haines Junction,CA,2021-05-25 19:55:13,60.7522,-137.5108,51.67,62,91,2.37
121,Trelew,AR,2021-05-25 19:55:13,-43.249,-65.3051,51.28,34,25,6.33
122,San Patricio,US,2021-05-25 19:55:14,28.017,-97.5169,89.17,72,77,17.6
123,Maneadero,MX,2021-05-25 19:55:14,31.7167,-116.5667,78.19,78,46,3.0
124,Howell,US,2021-05-25 19:55:14,42.6073,-83.9294,88.11,41,40,13.8
125,Coahuayana,MX,2021-05-25 19:55:14,18.7333,-103.6833,92.3,38,1,8.25
126,Krk,HR,2021-05-25 19:55:14,45.0258,14.5731,63.59,76,6,22.35
127,Aguada De Pasajeros,CU,2021-05-25 19:55:15,22.385,-80.8508,93.97,35,16,10.33
128,Necochea,AR,2021-05-25 19:55:15,-38.5473,-58.7368,53.04,53,6,17.72
129,Saint Anthony,US,2021-05-25 19:55:15,45.0205,-93.218,86.76,43,5,4.0
130,Jamestown,US,2021-05-25 19:50:18,42.097,-79.2353,86.29,55,75,7.0
131,Cantavir,RS,2021-05-25 19:55:15,45.9219,19.7627,54.52,61,98,13.98
132,Rawson,AR,2021-05-25 19:55:16,-43.3002,-65.1023,51.03,35,35,7.34
133,Buba,GW,2021-05-25 19:55:16,11.5833,-15.0,81.73,59,78,10.31
134,Cidreira,BR,2021-05-25 19:55:16,-30.1811,-50.2056,63.82,53,0,11.52
135,Bullhead City,US,2021-05-25 19:55:16,35.1478,-114.5683,98.94,9,75,11.5
136,Rabak,SD,2021-05-25 19:55:17,13.1809,32.74,95.32,10,99,4.76
137,Tasiilaq,GL,2021-05-25 19:55:17,65.6145,-37.6368,35.56,89,100,48.9
138,Nsanje,MW,2021-05-25 19:55:17,-16.92,35.262,61.65,88,7,0.87
139,Sioux Lookout,CA,2021-05-25 19:55:17,50.1001,-91.917,78.87,36,40,10.36
140,Lebu,CL,2021-05-25 19:55:18,-37.6167,-73.65,57.97,79,83,4.56
141,Shelburne,CA,2021-05-25 19:55:18,44.0787,-80.2041,85.89,35,92,17.92
142,Svetlyy,RU,2021-05-25 19:55:18,54.675,20.1347,53.65,92,98,5.55
143,Torbay,CA,2021-05-25 19:55:18,47.6666,-52.7314,54.37,61,40,29.93
144,Tunkas,MX,2021-05-25 19:55:18,20.9,-88.75,92.48,43,99,8.84
145,Iqaluit,CA,2021-05-25 19:55:19,63.7506,-68.5145,29.93,86,90,10.0
146,Vaitape,PF,2021-05-25 19:55:19,-16.5167,-151.75,80.83,71,98,10.49
147,Chumikan,RU,2021-05-25 19:55:19,54.7183,135.315,31.86,90,100,2.62
148,Thinadhoo,MV,2021-05-25 19:55:20,0.5333,72.9333,84.2,66,100,20.27
149,Saint-Philippe,RE,2021-05-25 19:55:20,-21.3585,55.7679,71.15,83,51,9.6
150,Airai,TL,2021-05-25 19:55:20,-8.9266,125.4092,58.08,93,35,3.44
151,Wad Rawah,SD,2021-05-25 19:55:20,15.1603,33.1397,94.03,10,0,9.8
152,Alyangula,AU,2021-05-25 19:55:20,-13.8483,136.4192,66.07,100,93,11.45
153,Bereznik,RU,2021-05-25 19:55:21,62.8551,42.7072,37.72,97,100,6.85
154,Birobidzhan,RU,2021-05-25 19:55:21,48.8,132.95,42.26,96,88,4.52
155,Nikolsk,RU,2021-05-25 19:55:21,53.7189,46.0712,51.78,87,8,4.38
156,Anqing,CN,2021-05-25 19:55:21,30.5092,117.0506,70.39,94,100,3.31
157,Srikakulam,IN,2021-05-25 19:55:22,18.3,83.9,84.49,50,100,12.59
158,Kaitangata,NZ,2021-05-25 19:55:22,-46.2817,169.8464,35.29,66,100,3.4
159,Kudat,MY,2021-05-25 19:55:22,6.8837,116.8477,77.29,94,20,0.0
160,Constantine,DZ,2021-05-25 19:55:22,36.365,6.6147,65.61,68,0,11.5
161,Arcata,US,2021-05-25 19:52:15,40.8665,-124.0828,64.67,77,75,1.01
162,Bar Harbor,US,2021-05-25 19:50:53,44.3876,-68.2039,70.29,61,1,24.0
163,Pinega,RU,2021-05-25 19:55:23,64.7001,43.3936,34.25,83,100,7.76
164,Khatanga,RU,2021-05-25 19:55:23,71.9667,102.5,30.74,97,100,6.22
165,Ancud,CL,2021-05-25 19:55:23,-41.8697,-73.8203,49.53,95,100,12.82
166,Kahului,US,2021-05-25 19:55:23,20.8947,-156.47,82.98,74,28,10.0
167,Bilibino,RU,2021-05-25 19:55:24,68.0546,166.4372,39.58,77,100,5.35
168,Aloleng,PH,2021-05-25 19:55:24,16.1307,119.7824,82.24,76,8,3.04
169,Faanui,PF,2021-05-25 19:55:24,-16.4833,-151.75,80.85,71,100,10.58
170,Zahirabad,IN,2021-05-25 19:55:24,17.6833,77.6167,86.76,25,100,8.23
171,Geraldton,AU,2021-05-25 19:55:25,-28.7667,114.6,49.12,87,36,14.81
172,Jumla,NP,2021-05-25 19:55:25,29.2747,82.1838,53.92,92,100,1.7
173,Greensburg,US,2021-05-25 19:55:25,40.3015,-79.5389,88.99,53,40,11.01
174,Nishihara,JP,2021-05-25 19:55:25,26.1842,127.7558,76.28,94,75,7.11
175,Vangaindrano,MG,2021-05-25 19:55:26,-23.35,47.6,65.14,90,14,2.3
176,Dunedin,NZ,2021-05-25 19:52:43,-45.8742,170.5036,39.79,81,100,3.56
177,Hofn,IS,2021-05-25 19:55:26,64.2539,-15.2082,45.0,83,92,14.85
178,Saint-Augustin,CA,2021-05-25 19:55:26,51.226,-58.6502,61.72,46,100,21.18
179,Port Blair,IN,2021-05-25 19:55:27,11.6667,92.75,82.6,84,85,21.21
180,Rovaniemi,FI,2021-05-25 19:55:12,66.5,25.7167,47.61,53,0,2.3
181,Huntington,US,2021-05-25 19:51:54,38.4193,-82.4452,91.65,46,100,1.01
182,Broadstairs,GB,2021-05-25 19:55:27,51.3591,1.4394,53.92,65,38,4.0
183,Alofi,NU,2021-05-25 19:55:27,-19.0595,-169.9187,80.49,83,75,9.22
184,Bacolod,PH,2021-05-25 19:55:27,10.6667,122.95,79.77,83,82,1.28
185,Namatanai,PG,2021-05-25 19:55:28,-3.6667,152.4333,78.06,88,100,4.16
186,Mosquera,CO,2021-05-25 19:51:28,4.7059,-74.2302,66.29,55,40,9.22
187,Makakilo City,US,2021-05-25 19:55:28,21.3469,-158.0858,83.61,67,75,0.78
188,Deer Lake,CA,2021-05-25 19:55:28,49.1667,-57.4316,58.86,47,75,10.36
189,Plainfield,US,2021-05-25 19:52:03,40.6168,-74.4173,80.35,53,1,1.01
190,Souillac,MU,2021-05-25 19:55:28,-20.5167,57.5167,75.58,78,75,7.9
191,Aktash,RU,2021-05-25 19:55:29,50.3,87.7333,42.94,73,82,5.03
192,Mahebourg,MU,2021-05-25 19:55:29,-20.4081,57.7,75.49,78,75,8.05
193,Show Low,US,2021-05-25 19:55:29,34.2542,-110.0298,81.66,7,1,11.5
194,Boueni,YT,2021-05-25 19:55:29,-12.9025,45.0761,75.18,68,6,10.58
195,Lompoc,US,2021-05-25 19:55:30,34.6391,-120.4579,87.13,67,1,17.27
196,Maracaju,BR,2021-05-25 19:55:30,-21.6144,-55.1683,75.42,52,98,4.03
197,Portland,US,2021-05-25 19:52:03,45.5234,-122.6762,64.42,86,75,1.01
198,Oksfjord,NO,2021-05-25 19:55:30,70.2396,22.3479,41.07,78,58,3.8
199,Langham,CA,2021-05-25 19:55:30,52.3668,-106.9679,45.79,67,100,17.0
200,Bagrami,AF,2021-05-25 19:55:31,34.4938,69.2743,63.57,26,0,2.73
201,Teruel,ES,2021-05-25 19:55:31,40.6667,-0.6667,53.56,70,96,2.68
202,Xichang,CN,2021-05-25 19:55:31,27.8964,102.2634,64.87,83,94,1.99
203,North Bend,US,2021-05-25 19:52:22,43.4065,-124.2243,62.85,81,75,11.5
204,Lata,PT,2021-05-25 19:55:31,40.1629,-8.3327,68.04,77,99,3.36
205,Tabuk,PH,2021-05-25 19:55:32,17.4189,121.4443,76.23,85,12,3.38
206,Maragogi,BR,2021-05-25 19:50:37,-9.0122,-35.2225,77.86,80,81,4.23
207,Nelson Bay,AU,2021-05-25 19:55:32,-32.7167,152.15,58.08,92,70,7.45
208,Belogorsk,RU,2021-05-25 19:55:32,50.9158,128.4611,41.4,89,96,6.6
209,Melzo,IT,2021-05-25 19:55:32,45.5013,9.4253,66.02,50,0,3.83
210,Parana,AR,2021-05-25 19:55:33,-31.732,-60.5238,64.38,58,0,3.0
211,Cerveny Kostelec,CZ,2021-05-25 19:55:33,50.4763,16.0929,48.31,92,55,11.95
212,Dakar,SN,2021-05-25 19:55:33,14.6937,-17.4441,76.08,83,7,13.8
213,Port Keats,AU,2021-05-25 19:55:33,-14.25,129.55,71.49,63,10,8.9
214,Gazli,UZ,2021-05-25 19:55:33,40.1333,63.45,84.9,19,91,5.17
215,Dong Xoai,VN,2021-05-25 19:55:34,11.5333,106.9167,73.22,97,100,2.35
216,Fortuna,US,2021-05-25 19:55:34,40.5982,-124.1573,67.19,67,90,7.0
217,Shitanjing,CN,2021-05-25 19:55:34,39.2342,106.3439,60.94,20,39,11.83
218,Werda,BW,2021-05-25 19:55:34,-25.2667,23.2833,59.92,34,100,4.83
219,Saldanha,ZA,2021-05-25 19:55:35,-33.0117,17.9442,55.45,83,19,1.1
220,Saint George,US,2021-05-25 19:54:07,37.1041,-113.5841,90.07,11,1,1.01
221,Koumac,NC,2021-05-25 19:55:35,-20.5667,164.2833,71.31,67,84,13.11
222,Verkhnyaya Toyma,RU,2021-05-25 19:55:35,62.2349,44.9985,39.07,94,100,7.38
223,Kemin,KG,2021-05-25 19:55:35,42.7846,75.6892,62.49,50,98,6.64
224,Ouesso,CG,2021-05-25 19:52:06,1.6136,16.0517,76.19,76,99,2.06
225,Qobustan,AZ,2021-05-25 19:55:36,40.0824,49.412,66.31,69,100,27.42
226,Pacific Grove,US,2021-05-25 19:55:36,36.6177,-121.9166,81.16,77,54,3.0
227,Cockburn Town,TC,2021-05-25 19:55:36,21.4612,-71.1419,79.23,79,0,17.94
228,Faya,SA,2021-05-25 19:55:36,18.3851,42.4509,73.51,42,61,0.81
229,Morrope,PE,2021-05-25 19:55:37,-6.5417,-80.0111,87.8,65,20,14.47
230,Los Llanos De Aridane,ES,2021-05-25 19:55:37,28.6585,-17.9182,65.95,70,75,17.45
231,San Ramon,US,2021-05-25 19:55:37,37.7799,-121.978,79.81,51,0,8.99
232,Chernyshevskiy,RU,2021-05-25 19:55:37,63.0128,112.4714,38.01,92,28,4.25
233,Santarem,BR,2021-05-25 19:52:26,-2.4431,-54.7083,87.93,70,20,10.36
234,Vao,NC,2021-05-25 19:55:38,-22.6667,167.4833,71.83,53,29,19.15
235,Pisco,PE,2021-05-25 19:54:52,-13.7,-76.2167,68.05,83,93,10.36
236,Nanortalik,GL,2021-05-25 19:55:38,60.1432,-45.2371,34.72,69,42,7.09
237,Sheltozero,RU,2021-05-25 19:55:38,61.3667,35.3667,39.56,82,79,5.53
238,Save,BJ,2021-05-25 19:55:38,8.0425,2.486,81.59,74,76,10.76
239,Port Elizabeth,ZA,2021-05-25 19:55:38,-33.918,25.5701,63.1,88,75,16.11
240,Podor,MR,2021-05-25 19:55:39,16.6527,-14.9587,102.15,19,0,2.3
241,Naze,JP,2021-05-25 19:55:39,28.3667,129.4833,69.39,64,100,1.05
242,Lanxi,CN,2021-05-25 19:55:39,29.2195,119.477,67.53,77,49,2.93
243,Youhao,CN,2021-05-25 19:55:39,47.8667,128.8333,38.68,66,89,1.01
244,Kruisfontein,ZA,2021-05-25 19:55:40,-34.0033,24.7314,60.89,93,69,6.8
245,Katima Mulilo,NA,2021-05-25 19:55:40,-17.5,24.2667,59.49,52,0,4.79
246,Maridi,SS,2021-05-25 19:55:40,4.9158,29.4742,70.77,83,95,4.07
247,Ayr,GB,2021-05-25 19:55:41,55.4627,-4.6339,53.58,71,20,4.61
248,Sabha,LY,2021-05-25 19:55:41,27.0377,14.4283,92.73,9,0,7.09
249,Hami,CN,2021-05-25 19:55:41,42.8,93.45,72.91,16,1,15.52
250,Ambilobe,MG,2021-05-25 19:52:25,-13.2,49.05,69.12,89,17,2.46
251,Vernon,CA,2021-05-25 19:54:03,50.2581,-119.2691,77.13,67,82,4.0
252,Half Moon Bay,US,2021-05-25 19:55:41,37.4636,-122.4286,78.58,62,40,12.1
253,Havoysund,NO,2021-05-25 19:55:42,70.9963,24.6622,38.28,65,14,3.49
254,Gornopravdinsk,RU,2021-05-25 19:55:42,60.05,69.9,54.91,77,100,5.88
255,Garden City,US,2021-05-25 19:55:42,42.3256,-83.331,89.87,43,100,1.99
256,Coihaique,CL,2021-05-25 19:55:42,-45.5752,-72.0662,44.55,57,90,3.44
257,Goderich,CA,2021-05-25 19:55:42,43.7501,-81.7165,85.03,68,47,14.99
258,Kudinovo,RU,2021-05-25 19:55:43,54.9994,36.2533,55.45,76,100,1.88
259,Ridgecrest,US,2021-05-25 19:52:13,35.6225,-117.6709,93.02,11,75,5.01
260,Bengkulu,ID,2021-05-25 19:55:43,-3.8004,102.2655,77.16,86,53,3.89
261,Lorengau,PG,2021-05-25 19:55:43,-2.0226,147.2712,77.43,94,100,6.08
262,Khani,GE,2021-05-25 19:55:43,41.9563,42.9566,53.17,98,81,1.36
263,Galveston,US,2021-05-25 19:55:44,29.3669,-94.9669,84.31,78,30,7.0
264,Mecca,SA,2021-05-25 19:54:36,21.4267,39.8261,89.58,35,74,3.29
265,Opuwo,NA,2021-05-25 19:55:44,-18.0607,13.84,63.48,39,0,8.66
266,Chapais,CA,2021-05-25 19:55:44,49.7834,-74.8492,60.58,93,100,11.77
267,Develi,TR,2021-05-25 19:55:44,38.3906,35.4922,58.35,50,0,2.93
268,Marzuq,YE,2021-05-25 19:55:45,14.4,46.4667,79.65,53,0,5.66
269,Belmonte,BR,2021-05-25 19:55:45,-15.8631,-38.8828,79.3,73,3,6.71
270,Valparaiso,CL,2021-05-25 19:55:45,-33.0393,-71.6273,75.43,37,0,12.66
271,Mayskiy,RU,2021-05-25 19:55:45,47.6931,40.1025,65.44,80,30,5.88
272,Balykshi,KZ,2021-05-25 19:55:46,47.0667,51.8667,75.2,38,0,11.18
273,Norman Wells,CA,2021-05-25 19:55:46,65.282,-126.8329,57.24,26,20,13.8
274,Muros,ES,2021-05-25 19:55:46,42.7762,-9.0603,59.09,60,100,11.83
275,Danville,US,2021-05-25 19:55:24,36.586,-79.395,86.34,72,54,3.0
276,Troitsko-Pechorsk,RU,2021-05-25 19:55:46,62.7084,56.1964,49.3,90,100,5.75
277,Tungor,RU,2021-05-25 19:55:47,53.3808,142.9564,33.66,90,100,6.29
278,Santa Rosa,PH,2021-05-25 19:55:47,14.3122,121.1114,83.91,78,21,1.59
279,Coos Bay,US,2021-05-25 19:54:50,43.3665,-124.2179,62.02,81,75,11.5
280,Grindavik,IS,2021-05-25 19:55:47,63.8424,-22.4338,52.56,76,75,26.57
281,Jampur,PK,2021-05-25 19:55:47,29.6441,70.5954,94.73,18,2,5.53
282,Bilma,NE,2021-05-25 19:55:48,18.6853,12.9164,90.19,7,0,10.2
283,Salekhard,RU,2021-05-25 19:55:48,66.53,66.6019,38.43,95,100,9.62
284,Chiang Klang,TH,2021-05-25 19:55:48,19.2938,100.8617,75.36,89,47,1.23
285,Lazaro Cardenas,MX,2021-05-25 19:55:48,17.9583,-102.2,87.3,47,100,11.34
286,Katsuura,JP,2021-05-25 19:55:49,35.1333,140.3,66.31,70,99,3.06
287,Narsaq,GL,2021-05-25 19:55:49,60.9167,-46.05,37.51,63,63,3.94
288,Port Hardy,CA,2021-05-25 19:55:49,50.6996,-127.4199,55.4,76,90,9.22
289,Dicabisagan,PH,2021-05-25 19:55:49,17.0818,122.4157,79.88,78,7,3.0
290,Caravelas,BR,2021-05-25 19:55:49,-17.7125,-39.2481,76.26,82,40,7.65
291,Hay River,CA,2021-05-25 19:55:50,60.8156,-115.7999,31.96,59,40,8.05
292,Beira,MZ,2021-05-25 19:55:50,-19.8436,34.8389,66.29,88,20,4.94
293,Santa Cruz,BO,2021-05-25 19:55:50,-17.8,-63.1667,80.06,44,20,13.8
294,Castro,BR,2021-05-25 19:55:50,-24.7911,-50.0119,58.91,62,43,3.02
295,Mehamn,NO,2021-05-25 19:55:51,71.0357,27.8492,37.31,68,53,7.7
296,Krasnyye Chetai,RU,2021-05-25 19:55:51,55.6887,46.1386,50.16,78,5,5.64
297,Clyde River,CA,2021-05-25 19:55:51,70.4692,-68.5914,26.83,93,100,33.38
298,Behshahr,IR,2021-05-25 19:55:51,36.6923,53.5526,71.31,79,100,6.76
299,Georgetown,MY,2021-05-25 19:55:52,5.4112,100.3354,83.89,82,20,1.01
300,Frunze,UA,2021-05-25 19:55:52,48.6686,38.7544,62.11,73,53,2.77
301,Hamilton,US,2021-05-25 19:55:52,39.1834,-84.5333,89.76,45,100,1.99
302,Kisanga,TZ,2021-05-25 19:55:52,-7.4362,37.7034,68.02,71,43,1.81
303,Riachao,BR,2021-05-25 19:55:53,-7.3619,-46.6172,85.24,45,8,3.58
304,Bethel,US,2021-05-25 19:54:01,41.3712,-73.414,79.72,59,60,1.01
305,Arlit,NE,2021-05-25 19:55:53,18.7369,7.3853,93.87,6,0,11.99
306,Kloulklubed,PW,2021-05-25 19:55:53,7.0419,134.2556,81.93,74,43,3.42
307,Ahuimanu,US,2021-05-25 19:55:53,21.4447,-157.8378,84.78,74,75,8.05
308,Grand Gaube,MU,2021-05-25 19:55:54,-20.0064,57.6608,75.6,82,11,1.01
309,Asyut,EG,2021-05-25 19:55:54,27.181,31.1837,82.58,20,0,9.1
310,Fushun,CN,2021-05-25 19:55:54,41.8558,123.9233,56.91,69,100,9.89
311,Hargeysa,SO,2021-05-25 19:55:54,9.56,44.065,72.52,58,10,17.54
312,Panjab,AF,2021-05-25 19:55:54,34.388,67.0233,50.83,30,0,4.54
313,Susanville,US,2021-05-25 19:51:54,40.4163,-120.653,68.09,30,40,11.99
314,Selenice,AL,2021-05-25 19:55:55,40.5306,19.6358,66.24,62,0,3.74
315,Mutis,CO,2021-05-25 19:55:55,6.2262,-77.4044,82.72,80,78,7.76
316,Rio Gallegos,AR,2021-05-25 19:55:55,-51.6226,-69.2181,41.05,60,40,20.71
317,Mokolo,CM,2021-05-25 19:55:55,10.7398,13.8019,89.44,13,87,2.44
318,Omagari,JP,2021-05-25 19:55:56,39.45,140.4833,51.55,94,99,5.66
319,Fairbanks,US,2021-05-25 19:55:56,64.8378,-147.7164,67.48,38,1,9.22
320,Guerrero Negro,MX,2021-05-25 19:55:56,27.9769,-114.0611,75.63,43,14,12.39
321,Beitbridge,ZW,2021-05-25 19:55:56,-22.2167,30.0,62.38,46,11,6.44
322,Svetlaya,RU,2021-05-25 19:55:57,46.5389,138.3297,44.01,87,76,5.77
323,Yantal,RU,2021-05-25 19:55:57,56.8471,105.2542,39.36,96,100,2.64
324,Broken Hill,AU,2021-05-25 19:55:57,-31.95,141.4333,46.11,76,0,13.8
325,Avera,US,2021-05-25 19:55:57,33.194,-82.5271,95.72,34,72,5.68
326,Bathsheba,BB,2021-05-25 19:55:58,13.2167,-59.5167,86.61,51,40,13.8
327,Muhororo,UG,2021-05-25 19:55:58,0.9381,30.7594,63.54,92,26,3.69
328,Yulara,AU,2021-05-25 19:55:58,-25.2406,130.9889,42.64,61,24,4.61
329,Ena,JP,2021-05-25 19:55:58,35.4498,137.4128,58.08,79,100,4.21
330,Koutiala,ML,2021-05-25 19:55:59,12.3917,-5.4642,95.45,30,100,2.53
331,Birao,CF,2021-05-25 19:55:59,10.2849,22.7882,91.49,27,94,2.64
332,Araouane,ML,2021-05-25 19:55:59,18.9048,-3.5265,101.97,14,100,9.4
333,Altay,CN,2021-05-25 19:55:59,47.8667,88.1167,61.93,23,3,7.38
334,Riyadh,SA,2021-05-25 19:56:00,24.6877,46.7219,102.25,7,0,10.36
335,Jining,CN,2021-05-25 19:56:00,35.405,116.5814,73.99,1,100,3.0
336,Sao Joao Da Barra,BR,2021-05-25 19:56:00,-21.6403,-41.0511,75.29,66,65,12.5
337,Mnogovershinnyy,RU,2021-05-25 19:56:00,53.9353,139.9242,30.6,94,100,3.47
338,Myitkyina,MM,2021-05-25 19:56:00,25.3833,97.4,74.7,98,96,0.83
339,Puerto Escondido,MX,2021-05-25 19:56:01,15.85,-97.0667,89.64,59,100,9.89
340,Stornoway,GB,2021-05-25 19:56:01,58.2093,-6.3865,49.96,76,5,12.66
341,Cafelandia,BR,2021-05-25 19:56:01,-21.8025,-49.61,74.84,23,98,4.56
342,Sierra Vista,US,2021-05-25 19:56:01,31.5545,-110.3037,88.7,8,20,6.91
343,San Quintin,MX,2021-05-25 19:56:02,30.4833,-115.95,69.35,60,40,10.71
344,Hailar,CN,2021-05-25 19:56:02,49.2,119.7,37.38,82,85,6.38
345,Laguna,US,2021-05-25 19:56:02,38.421,-121.4238,83.44,35,0,4.0
346,Ushtobe,KZ,2021-05-25 19:56:03,45.2514,77.9838,69.26,35,0,14.7
347,Mao,ES,2021-05-25 19:56:03,39.8885,4.2658,59.56,67,0,8.05
348,Talnakh,RU,2021-05-25 19:56:03,69.4865,88.3972,20.62,96,48,11.59
349,Jingdezhen,CN,2021-05-25 19:56:03,29.2947,117.2079,68.61,97,83,2.55
350,Shenjiamen,CN,2021-05-25 19:56:03,29.9576,122.298,67.98,83,100,13.69
351,Ambunti,PG,2021-05-25 19:56:04,-4.2365,142.8448,73.02,99,96,0.2
352,Ponnani,IN,2021-05-25 19:56:04,10.767,75.9252,78.12,82,100,7.87
353,Southbridge,US,2021-05-25 19:56:04,42.0751,-72.0334,80.82,57,56,4.0
354,Evensk,RU,2021-05-25 19:56:04,61.95,159.2333,37.29,96,100,21.9
355,Tautira,PF,2021-05-25 19:56:05,-17.7333,-149.15,86.02,75,49,7.52
356,Pipar,IN,2021-05-25 19:56:05,26.3856,73.5378,90.75,30,38,12.24
357,Gourdon,FR,2021-05-25 19:56:05,44.75,1.5,52.32,85,32,2.3
358,Koygorodok,RU,2021-05-25 19:56:05,60.445,50.9968,47.01,84,58,5.21
359,Mizdah,LY,2021-05-25 19:52:02,31.4451,12.9801,72.03,52,0,8.5
360,Manggar,ID,2021-05-25 19:56:06,-2.8833,108.2667,82.78,75,41,8.32
361,Chitral,PK,2021-05-25 19:56:06,35.8462,71.7858,64.81,41,0,5.37
362,Pathein,MM,2021-05-25 19:56:06,16.7833,94.7333,77.52,94,100,3.65
363,Slavuta,UA,2021-05-25 19:56:06,50.3016,26.8651,58.69,86,62,11.92
364,Kieta,PG,2021-05-25 19:56:07,-6.2167,155.6333,78.75,88,99,9.62
365,Novikovo,RU,2021-05-25 19:56:07,51.1537,37.8879,58.35,74,99,5.19
366,Sayaxche,GT,2021-05-25 19:56:07,16.5167,-90.1667,83.14,79,76,1.28
367,Kuchl,AT,2021-05-25 19:56:07,47.6265,13.1448,47.8,96,78,4.83
368,Jiaohe,CN,2021-05-25 19:56:08,43.7286,127.3447,41.95,75,91,3.33
369,Isangel,VU,2021-05-25 19:56:08,-19.55,169.2667,71.49,60,88,12.03
370,Husavik,IS,2021-05-25 19:56:08,66.0449,-17.3389,55.31,68,16,11.01
371,Sibolga,ID,2021-05-25 19:56:08,1.7427,98.7792,77.05,90,81,3.31
372,Ilulissat,GL,2021-05-25 19:56:09,69.2167,-51.1,33.57,79,15,5.5
373,Camocim,BR,2021-05-25 19:56:09,-2.9022,-40.8411,82.42,76,32,11.52
374,Ankang,CN,2021-05-25 19:56:02,32.68,109.0172,61.0,95,100,1.9
375,Goure,NE,2021-05-25 19:56:09,13.9835,10.2704,88.05,8,0,7.18
376,Slavyanka,RU,2021-05-25 19:56:09,42.8633,131.3847,48.13,69,29,5.86
377,Leonidovo,RU,2021-05-25 19:56:10,49.2833,142.8667,33.94,100,100,5.91
378,Pangai,TO,2021-05-25 19:56:10,-19.8,-174.35,68.11,94,90,14.97
379,Richards Bay,ZA,2021-05-25 19:52:18,-28.783,32.0377,66.34,67,86,11.39
380,Begun,IN,2021-05-25 19:56:10,24.9833,75.0,88.83,28,67,5.12
381,Awjilah,LY,2021-05-25 19:56:10,29.1081,21.2869,86.04,11,0,6.89
382,Sainte-Suzanne,RE,2021-05-25 19:56:11,-20.9061,55.6089,71.78,78,0,11.18
383,Hirara,JP,2021-05-25 19:56:11,24.8,125.2833,81.27,82,77,10.45
384,Henties Bay,NA,2021-05-25 19:56:11,-22.116,14.2845,65.5,73,0,10.94
385,Lagos,NG,2021-05-25 19:52:04,6.5833,3.75,84.52,82,100,4.79
386,Oyem,GA,2021-05-25 19:56:11,1.5995,11.5793,70.72,93,95,2.62
387,Oistins,BB,2021-05-25 19:52:52,13.0667,-59.5333,86.09,51,40,20.71
388,Alice Springs,AU,2021-05-25 19:51:48,-23.7,133.8833,49.55,53,59,9.33
389,Palmer,US,2021-05-25 19:56:12,42.1584,-72.3287,81.63,53,56,5.01
390,Ketchikan,US,2021-05-25 19:56:12,55.3422,-131.6461,47.12,85,100,9.26
391,Benghazi,LY,2021-05-25 19:52:16,32.1167,20.0667,74.64,52,0,13.0
392,Killybegs,IE,2021-05-25 19:56:12,54.6333,-8.45,49.71,78,14,12.24
393,Kota Belud,MY,2021-05-25 19:56:13,6.351,116.4305,78.66,87,65,4.27
394,Turukhansk,RU,2021-05-25 19:56:13,65.8167,87.9833,26.15,84,84,16.24
395,Lasa,IT,2021-05-25 19:56:13,46.6166,10.7002,43.54,74,4,2.06
396,Jinchang,CN,2021-05-25 19:56:13,38.4953,102.1739,61.11,16,53,13.85
397,Bolu,TR,2021-05-25 19:56:13,40.6667,31.5833,55.94,74,0,3.0
398,Arman,RU,2021-05-25 19:56:14,59.7,150.1667,47.05,58,0,4.61
399,Agadez,NE,2021-05-25 19:56:14,19.75,10.25,89.1,6,0,11.43
400,Wajir,KE,2021-05-25 19:51:18,1.7471,40.0573,79.47,55,87,18.95
401,Ulladulla,AU,2021-05-25 19:56:14,-35.35,150.4667,59.9,60,9,9.31
402,Mount Gambier,AU,2021-05-25 19:53:18,-37.8333,140.7667,51.71,66,40,13.8
403,Lagoa,PT,2021-05-25 19:56:14,39.05,-27.9833,62.83,89,100,24.11
404,Sitka,US,2021-05-25 19:56:15,57.0531,-135.33,50.11,76,100,1.9
405,Guajara,BR,2021-05-25 19:56:15,-2.9667,-57.6667,85.24,71,98,2.37
406,Ixtapa,MX,2021-05-25 19:56:15,20.7,-105.2,96.62,25,2,9.08
407,Belaya Gora,RU,2021-05-25 19:56:15,68.5333,146.4167,47.01,55,15,12.64
408,Riachao Do Dantas,BR,2021-05-25 19:56:16,-11.0689,-37.725,75.87,68,45,7.92
409,Nueva Gorgona,PA,2021-05-25 19:56:16,8.55,-79.8667,84.22,99,100,9.19
410,Ghanzi,BW,2021-05-25 19:56:16,-21.5667,21.7833,56.34,43,59,4.25
411,Tilichiki,RU,2021-05-25 19:56:17,60.4667,166.1,33.62,97,100,7.34
412,Pochutla,MX,2021-05-25 19:56:17,15.7432,-96.4661,90.82,48,97,10.85
413,Chikmagalur,IN,2021-05-25 19:56:17,13.3167,75.7833,67.55,95,100,6.89
414,Dali,CN,2021-05-25 19:56:17,25.7,100.1833,60.51,89,91,5.19
415,Shumskiy,RU,2021-05-25 19:56:18,54.8318,99.1328,44.98,94,100,3.27
416,Ylojarvi,FI,2021-05-25 19:56:18,61.5563,23.5961,54.79,61,40,7.07
417,Waingapu,ID,2021-05-25 19:56:18,-9.6567,120.2641,75.96,88,25,5.08
418,Babu,CN,2021-05-25 19:56:18,24.4167,111.5167,75.2,96,57,2.51
419,Chicama,PE,2021-05-25 19:56:19,-7.8447,-79.1469,68.54,65,16,8.63
420,Trairi,BR,2021-05-25 19:53:12,-3.2778,-39.2689,79.56,74,96,10.29
421,Vytegra,RU,2021-05-25 19:56:19,61.0064,36.4481,40.77,84,99,2.42
422,Ipixuna,BR,2021-05-25 19:56:19,-1.7625,-48.8043,89.55,68,80,4.97
423,Krasnyy Chikoy,RU,2021-05-25 19:56:20,50.3643,108.7512,41.85,94,100,5.95
424,Mumford,GH,2021-05-25 19:56:20,5.2618,-0.759,81.1,84,100,10.16
425,Catemaco,MX,2021-05-25 19:56:20,18.4167,-95.1167,89.1,47,36,7.96
426,Hambantota,LK,2021-05-25 19:56:20,6.1241,81.1185,80.67,73,97,21.79
427,Concepcion Del Uruguay,AR,2021-05-25 19:56:21,-32.4825,-58.2372,67.98,47,0,3.0
428,Longyan,CN,2021-05-25 19:56:21,25.1072,117.0225,73.24,99,98,2.95
429,Guiratinga,BR,2021-05-25 19:56:21,-16.3494,-53.7583,83.25,60,53,1.88
430,Puerto Madryn,AR,2021-05-25 19:52:29,-42.7692,-65.0385,51.91,37,17,7.18
431,Mount Isa,AU,2021-05-25 19:56:21,-20.7333,139.5,65.97,59,99,8.05
432,Prince Rupert,CA,2021-05-25 19:56:22,54.3161,-130.3201,47.89,87,90,4.61
433,Idil,TR,2021-05-25 19:56:22,37.3411,41.8895,66.94,47,80,1.19
434,Komsomolskiy,UZ,2021-05-25 19:56:22,40.4272,71.7189,72.32,43,40,6.91
435,Olafsvik,IS,2021-05-25 19:56:22,64.8945,-23.7142,46.44,76,97,14.16
436,Pervomayskoye,RU,2021-05-25 19:56:23,43.919,46.7102,61.7,87,100,14.79
437,Aguimes,ES,2021-05-25 19:56:23,27.9054,-15.4461,67.66,68,20,29.93
438,Saint-Pierre,RE,2021-05-25 19:56:23,-21.3393,55.4781,71.24,74,0,4.61
439,Maumere,ID,2021-05-25 19:56:23,-8.6199,122.2111,77.9,76,17,2.93
440,Lubao,PH,2021-05-25 19:56:24,14.9167,120.55,83.91,79,7,1.77
441,Mae Hong Son,TH,2021-05-25 19:56:24,19.3003,97.9685,73.63,95,97,1.21
442,Aksarka,RU,2021-05-25 19:56:24,66.5606,67.7975,35.44,87,100,10.2
443,Chulman,RU,2021-05-25 19:56:24,56.8479,124.9104,35.47,99,100,2.04
444,Keti Bandar,PK,2021-05-25 19:56:25,24.1447,67.4497,83.84,79,45,20.24
445,Serebryansk,KZ,2021-05-25 19:56:25,49.6925,83.2892,54.95,71,7,2.46
446,Sabang,ID,2021-05-25 19:56:25,5.8933,95.3214,83.73,74,100,13.13
447,Wairoa,NZ,2021-05-25 19:56:25,-39.0333,177.3667,48.6,95,41,1.99
448,Batagay-Alyta,RU,2021-05-25 19:56:25,67.8006,130.4114,43.41,65,100,3.51
449,Hovd,MN,2021-05-25 19:56:26,48.0056,91.6419,57.42,34,8,2.55
450,Saint-Francois,FR,2021-05-25 19:56:26,46.4154,3.9054,51.67,87,0,3.44
451,Abapo,BO,2021-05-25 19:56:26,-18.8333,-63.4667,78.21,41,99,2.91
452,Hienghene,NC,2021-05-25 19:56:26,-20.6833,164.9333,66.92,74,58,3.33
453,Vezirkopru,TR,2021-05-25 19:56:27,41.1436,35.4547,59.49,93,8,1.5
454,Nalut,LY,2021-05-25 19:56:27,30.3333,10.85,80.4,37,61,19.33
455,Severo-Kurilsk,RU,2021-05-25 19:56:27,50.6789,156.125,38.14,93,100,12.84
456,Kormilovka,RU,2021-05-25 19:56:27,55.0026,74.1028,73.22,44,1,5.61
457,San Isidro,PE,2021-05-25 19:56:28,-12.1167,-77.05,69.39,93,40,5.01
458,Vung Tau,VN,2021-05-25 19:55:53,10.346,107.0843,78.48,84,100,5.08
459,Vesele,UA,2021-05-25 19:56:28,47.0148,34.915,63.41,76,86,4.36
460,Monchegorsk,RU,2021-05-25 19:56:28,67.9397,32.8739,40.03,81,55,2.42
461,Huangchuan,CN,2021-05-25 19:56:28,32.1272,115.0394,64.69,93,100,1.5
462,Kibala,TD,2021-05-25 19:56:29,9.1104,18.3463,89.4,34,38,2.68
463,Ashoknagar,IN,2021-05-25 19:56:29,24.5667,77.7167,86.97,16,100,4.92
464,Severo-Yeniseyskiy,RU,2021-05-25 19:56:29,60.3725,93.0408,26.56,81,25,3.83
465,Ishikari,JP,2021-05-25 19:56:30,43.2397,141.3539,47.26,79,100,4.23
466,San Cristobal,VE,2021-05-25 19:56:30,7.7669,-72.225,73.58,99,100,4.65
467,Porto Novo,BJ,2021-05-25 19:56:30,6.4965,2.6036,84.02,81,82,7.85
468,Najran,SA,2021-05-25 19:56:31,17.4924,44.1277,84.85,15,0,2.42
469,Kangaatsiaq,GL,2021-05-25 19:56:31,68.3065,-53.4641,30.81,71,61,18.59
470,Omsukchan,RU,2021-05-25 19:56:31,62.5333,155.8,33.12,96,100,8.86
471,Miranda,CO,2021-05-25 19:56:32,3.2499,-76.2281,84.33,71,75,0.89
472,Fort Nelson,CA,2021-05-25 19:56:32,58.8053,-122.7002,42.39,56,90,2.3
473,Balkhash,KZ,2021-05-25 19:56:32,46.844,74.9804,73.29,37,0,13.09
474,Shambu,ET,2021-05-25 19:53:08,9.5667,37.1,56.7,69,91,0.47
475,Nayagarh,IN,2021-05-25 19:56:32,20.1333,85.1,73.65,85,100,8.99
476,Aklavik,CA,2021-05-25 19:56:33,68.2191,-135.0107,38.12,75,90,9.22
477,Klyuchevskiy,RU,2021-05-25 19:56:33,53.5317,119.4519,35.73,98,100,3.2
478,Kungurtug,RU,2021-05-25 19:56:33,50.5994,97.5228,42.08,89,100,3.56
479,Marion,US,2021-05-25 19:56:33,39.7684,-86.1555,86.5,51,94,13.31
480,Yangjiang,CN,2021-05-25 19:56:34,21.85,111.9667,78.1,91,44,3.91
481,Along,IN,2021-05-25 19:56:34,28.1667,94.7667,71.19,96,94,1.66
482,Moate,IE,2021-05-25 19:56:34,53.55,-7.7167,48.13,78,10,10.09
483,Kaduqli,SD,2021-05-25 19:56:34,11.0167,29.7167,92.55,32,94,3.74
484,Maningrida,AU,2021-05-25 19:56:35,-12.0667,134.2667,69.3,91,10,8.9
485,Altamont,US,2021-05-25 19:53:03,42.2068,-121.7372,58.77,49,78,5.01
486,Eirunepe,BR,2021-05-25 19:56:35,-6.6603,-69.8736,88.18,51,64,2.68
487,Port Augusta,AU,2021-05-25 19:56:35,-32.5,137.7667,48.7,83,15,6.73
488,Ewa Beach,US,2021-05-25 19:56:35,21.3156,-158.0072,84.02,67,75,2.59
489,Machali,CL,2021-05-25 19:56:36,-34.1833,-70.6667,65.48,32,0,3.62
490,Arawa,PG,2021-05-25 19:56:36,-6.2132,155.5367,77.09,93,100,5.55
491,Bogorodskoye,RU,2021-05-25 19:56:36,56.55,37.8833,54.64,72,100,4.65
492,Jiayuguan,CN,2021-05-25 19:56:36,39.8167,98.3,59.36,19,97,5.19
493,Ritchie,ZA,2021-05-25 19:56:36,-29.038,24.6028,49.21,39,100,6.04
494,Pangnirtung,CA,2021-05-25 19:56:37,66.1451,-65.7125,30.2,74,90,10.36
495,Talbahat,IN,2021-05-25 19:56:37,25.05,78.4333,88.02,15,100,4.23
496,Malino,PH,2021-05-25 19:56:37,15.1257,120.6727,83.62,78,75,0.54
497,Keelung,TW,2021-05-25 19:56:37,25.1283,121.7419,79.86,90,67,4.85
498,Kamenka,RU,2021-05-25 19:56:38,51.3223,42.7678,61.12,59,98,7.25
499,Vila Franca Do Campo,PT,2021-05-25 19:56:38,37.7167,-25.4333,66.61,76,100,10.09
500,College,US,2021-05-25 19:56:38,64.8569,-147.8028,67.66,38,1,9.22
501,Abay,KZ,2021-05-25 19:56:38,49.6311,72.8539,55.78,36,4,4.85
502,Tucumcari,US,2021-05-25 19:56:39,35.1717,-103.725,84.94,8,0,7.11
503,Urdoma,RU,2021-05-25 19:56:39,61.7533,48.5442,44.24,89,100,7.07
504,Fort-Shevchenko,KZ,2021-05-25 19:56:39,44.5086,50.263,69.69,80,12,18.23
505,Korla,CN,2021-05-25 19:56:39,41.7597,86.1469,73.83,20,61,2.62
506,Boende,CD,2021-05-25 19:56:39,-0.2167,20.8667,78.94,68,100,1.95
507,Nouadhibou,MR,2021-05-25 19:56:40,20.931,-17.0347,69.78,73,25,18.41
508,Peniche,PT,2021-05-25 19:53:01,39.3558,-9.3811,65.75,81,100,19.19
509,Puerto Leguizamo,CO,2021-05-25 19:56:40,-0.1934,-74.7819,76.01,96,100,2.19
510,Urengoy,RU,2021-05-25 19:56:40,65.9667,78.3667,31.8,67,85,5.57
511,Palmas Bellas,PA,2021-05-25 19:56:40,9.2319,-80.0867,82.35,89,100,9.19
512,Goma,CD,2021-05-25 19:56:41,-1.6792,29.2228,65.37,89,93,1.36
513,Chiredzi,ZW,2021-05-25 19:56:41,-21.05,31.6667,60.37,49,0,1.83
514,Scarborough,GB,2021-05-25 19:56:41,54.2797,-0.4044,48.83,86,11,1.99
515,Sisimiut,GL,2021-05-25 19:56:41,66.9395,-53.6735,29.95,64,69,7.47
516,Taguatinga,BR,2021-05-25 19:56:42,-12.3857,-46.5711,90.95,27,27,3.76
517,Tigil,RU,2021-05-25 19:56:42,57.8,158.6667,35.51,88,100,5.86
518,Weligama,LK,2021-05-25 19:56:42,5.9667,80.4167,80.69,80,100,17.47
519,Cruzeiro Do Sul,BR,2021-05-25 19:56:42,-29.5128,-51.9853,67.08,69,3,3.94
520,Homer,US,2021-05-25 19:56:43,59.6425,-151.5483,67.08,46,0,3.6
521,Lodwar,KE,2021-05-25 19:56:43,3.1191,35.5973,87.03,41,56,11.79
522,Nome,US,2021-05-25 19:56:43,64.5011,-165.4064,64.11,38,66,8.03
523,Kaeo,NZ,2021-05-25 19:56:43,-35.1,173.7833,49.32,92,35,13.2
524,Erzin,TR,2021-05-25 19:56:43,36.9559,36.2,76.01,64,0,2.19
525,Lucea,JM,2021-05-25 19:56:44,18.451,-78.1736,85.86,76,28,13.47
526,Mackay,AU,2021-05-25 19:56:44,-21.15,149.2,60.78,94,1,4.61
527,Rezekne,LV,2021-05-25 19:56:44,56.5,27.3167,52.9,97,100,13.71
528,West Bay,KY,2021-05-25 19:56:45,19.3667,-81.4167,87.06,78,40,5.01
529,Arica,CL,2021-05-25 19:56:45,-18.475,-70.3042,72.95,72,0,6.69
530,Glendive,US,2021-05-25 19:56:45,47.1053,-104.7125,58.69,61,90,25.32
531,Mindelo,CV,2021-05-25 19:56:45,16.8901,-24.9804,74.75,64,20,18.59
532,Pavilosta,LV,2021-05-25 19:56:45,56.8879,21.1859,55.31,97,100,9.08
533,Talegaon Dabhade,IN,2021-05-25 19:56:46,18.7167,73.6833,75.58,82,100,9.95
534,Gondar,ET,2021-05-25 19:56:25,12.6,37.4667,69.91,26,79,2.95
535,Rocha,UY,2021-05-25 19:56:46,-34.4833,-54.3333,55.76,69,0,12.28
536,Merrill,US,2021-05-25 19:56:46,45.1805,-89.6835,79.81,76,75,17.27
537,Gimli,CA,2021-05-25 19:56:46,50.6336,-96.9907,59.22,78,99,13.58
538,Camacha,PT,2021-05-25 19:56:47,33.0833,-16.3333,63.36,63,40,16.11
539,Oranjemund,NA,2021-05-25 19:56:47,-28.55,16.4333,58.93,95,8,8.68
540,Gulu,UG,2021-05-25 19:56:47,2.7746,32.299,68.68,84,98,5.17
541,Sarlat-La-Caneda,FR,2021-05-25 19:56:47,44.889,1.2166,54.64,84,72,3.27
542,Lethem,GY,2021-05-25 19:56:48,3.3803,-59.7968,84.52,73,98,9.33
543,Jadu,LY,2021-05-25 19:56:48,31.953,12.0261,60.31,78,38,9.26
544,Bucak,TR,2021-05-25 19:56:48,37.4592,30.595,72.12,38,0,2.57
545,Kandrian,PG,2021-05-25 19:56:48,-6.2167,149.55,78.89,85,100,14.29
546,Daru,PG,2021-05-25 19:56:49,-9.0763,143.2092,76.78,80,61,15.95
547,Bundibugyo,UG,2021-05-25 19:56:49,0.7414,30.0417,68.72,80,14,2.66
548,Kindu,CD,2021-05-25 19:56:49,-2.95,25.95,71.98,73,50,1.79
549,Tailai,CN,2021-05-25 19:56:49,46.3833,123.4,47.73,32,6,7.63
550,Luwuk,ID,2021-05-25 19:56:50,-0.9516,122.7875,77.7,83,87,4.34
551,Hashtrud,IR,2021-05-25 19:56:50,37.4779,47.0508,52.57,86,52,3.09
552,Burnie,AU,2021-05-25 19:56:50,-41.0667,145.9167,51.39,85,94,12.66
553,Banda Aceh,ID,2021-05-25 19:56:50,5.5577,95.3222,80.62,80,91,7.76
554,Neuwied,DE,2021-05-25 19:56:51,50.4333,7.4667,51.67,86,96,7.31
555,Shirokiy,RU,2021-05-25 19:56:51,49.758,129.523,41.94,83,18,2.48
